caldt,b30ret,b30ind,b20ret,b20ind,b10ret,b10ind,b7ret,b7ind,b5ret,b5ind,b2ret,b2ind,b1ret,b1ind,t90ret,t90ind,t30ret,t30ind,cpiret,cpiind
2000-01-31,0.004485,809.188600,0.017036,950.979900,-0.009797,929.323600,-0.005052,962.660600,-0.005587,894.388300,-0.001417,854.695100,0.002476,851.904500,0.004339,720.889300,0.004343,608.660200,0.002971,397.2
2000-02-29,0.036776,838.947300,0.030678,980.154000,0.013598,941.960500,0.009505,971.810700,0.009169,902.588900,0.006842,860.543000,0.005797,856.843000,0.004262,723.961700,0.004295,611.274500,0.005924,399.5
2000-03-31,0.047912,879.143000,0.034984,1014.444000,0.034752,974.695500,0.027027,998.075800,0.017635,918.506100,0.006593,866.216500,0.005338,861.416800,0.004793,727.431600,0.004377,613.950200,0.008245,402.8
2000-04-28,-0.013274,867.473200,-0.007828,1006.503000,-0.010026,964.923200,-0.006717,991.371700,-0.004274,914.580400,0.001496,867.512400,0.003549,864.474000,0.004941,731.025900,0.004595,616.771300,0.000584,403.1
2000-05-31,-0.000867,866.721100,-0.004246,1002.229000,0.001771,966.632100,0.005836,997.157400,0.004903,919.064600,0.004925,871.784900,0.004305,868.195500,0.006164,735.531900,0.004782,619.720700,0.001168,403.5
2000-06-30,0.020563,884.543500,0.020999,1023.275000,0.022074,987.969500,0.019042,1016.145000,0.018501,936.068200,0.011403,881.725800,0.007794,874.962300,0.004348,738.730000,0.003744,622.041000,0.005248,405.6
2000-07-31,0.020272,902.475000,0.018508,1042.214000,0.004640,992.553700,0.008591,1024.875000,0.007200,942.807900,0.006752,887.679300,0.005483,879.759700,0.004468,742.030700,0.004772,625.009300,0.002320,406.6
2000-08-31,0.020774,921.223000,0.022423,1065.583000,0.016603,1009.033000,0.015843,1041.112000,0.013304,955.351000,0.007772,894.578300,0.005976,885.017100,0.005156,745.856600,0.005002,628.135700,0.000000,406.6
2000-09-29,-0.024577,898.582100,-0.013494,1051.204000,-0.001323,1007.698000,0.007017,1048.418000,0.010004,964.908300,0.007983,901.719700,0.005337,889.740500,0.005281,749.795400,0.005093,631.334800,0.005208,408.7
2000-10-31,0.018404,915.119600,0.017418,1069.514000,0.008647,1016.412000,0.009339,1058.209000,0.008094,972.718300,0.006054,907.178700,0.004956,894.150000,0.005153,753.659100,0.005217,634.628500,0.001727,409.4
2000-11-30,0.029119,941.767000,0.030494,1102.128000,0.025641,1042.474000,0.024855,1084.510000,0.016327,988.599900,0.010289,916.512700,0.006788,900.219500,0.005437,757.756800,0.004966,637.780200,0.000575,409.6
2000-12-29,0.026450,966.676700,0.026133,1130.930000,0.030723,1074.501000,0.023028,1109.485000,0.023355,1011.689000,0.012919,928.353100,0.009996,909.218100,0.005512,761.933500,0.004909,640.911000,-0.000574,409.4
2001-01-31,-0.001917,964.823600,0.002511,1133.769000,0.004164,1078.976000,0.011923,1122.713000,0.013510,1025.357000,0.013519,940.903600,0.012048,920.172400,0.006900,767.190900,0.005243,644.271300,0.006322,412.0
2001-02-28,0.014203,978.527000,0.018639,1154.902000,0.011636,1091.531000,0.012849,1137.139000,0.011310,1036.953000,0.006873,947.370400,0.004732,924.526600,0.003967,770.234300,0.003653,646.624900,0.003998,413.6
2001-03-30,-0.014758,964.085900,-0.007316,1146.453000,0.002750,1094.532000,0.006763,1144.829000,0.008259,1045.518000,0.007193,954.184800,0.007367,931.337600,0.004678,773.837500,0.004320,649.418300,0.002275,414.6
2001-04-30,-0.043105,922.528900,-0.031123,1110.772000,-0.027449,1064.488000,-0.015447,1127.145000,-0.008237,1036.906000,0.002154,956.240100,0.004721,935.734500,0.004470,777.296500,0.003864,651.927600,0.003973,416.2
2001-05-31,0.008805,930.651800,0.003703,1114.885000,0.001373,1065.950000,0.003136,1130.680000,0.002011,1038.991000,0.005381,961.385600,0.006094,941.436800,0.003853,780.291500,0.003183,654.002900,0.004522,418.1
2001-06-29,0.004153,934.516800,0.005339,1120.837000,0.002161,1068.254000,0.001581,1132.467000,0.002230,1041.308000,0.003227,964.488000,0.002773,944.047400,0.003001,782.633100,0.002778,655.819700,0.001688,418.8
2001-07-31,0.038582,970.572400,0.038935,1164.477000,0.030526,1100.863000,0.028164,1164.362000,0.022406,1064.639000,0.013110,977.132500,0.007754,951.367600,0.003305,785.219700,0.002999,657.786500,-0.002809,417.6
2001-08-31,0.026989,996.767100,0.023600,1191.959000,0.015065,1117.448000,0.014634,1181.401000,0.011976,1077.389000,0.007129,984.098400,0.004845,955.977000,0.003284,787.798400,0.002996,659.757500,0.000000,417.6
2001-09-28,-0.002660,994.115700,0.004898,1197.797000,0.022599,1142.701000,0.025211,1211.186000,0.023823,1103.056000,0.017807,1001.622000,0.010444,965.961200,0.004224,791.126000,0.002730,661.558700,0.004507,419.5
2001-10-31,0.088895,1082.488000,0.051980,1260.058000,0.031821,1179.063000,0.028631,1245.863000,0.020708,1125.898000,0.012043,1013.685000,0.007903,973.595200,0.002545,793.139500,0.002154,662.983700,-0.003365,418.1
2001-11-30,-0.055366,1022.555000,-0.051658,1194.966000,-0.035211,1137.547000,-0.029733,1208.820000,-0.018299,1105.295000,-0.005276,1008.337000,0.001236,974.798500,0.002106,794.809800,0.001749,664.143200,-0.001688,417.4
2001-12-31,-0.022782,999.258800,-0.014911,1177.148000,-0.017354,1117.806000,-0.012400,1193.831000,-0.009027,1095.318000,0.000250,1008.589000,0.002073,976.819300,0.001592,796.075100,0.001484,665.128800,-0.003946,415.8
2002-01-31,0.010098,1009.349000,0.011488,1190.671000,0.004609,1122.958000,0.005779,1200.730000,0.003923,1099.615000,0.002636,1011.247000,0.000687,977.490400,0.001488,797.259700,0.001390,666.053700,0.002264,416.7
2002-02-28,0.006827,1016.240000,0.012538,1205.600000,0.012027,1136.463000,0.012980,1216.315000,0.011665,1112.442000,0.005400,1016.708000,0.003139,980.558700,0.001373,798.354300,0.001285,666.909500,0.003953,418.4
2002-03-28,-0.050435,964.986100,-0.040447,1156.837000,-0.036790,1094.653000,-0.029495,1180.440000,-0.023253,1086.574000,-0.008508,1008.058000,-0.002648,977.962200,0.001376,799.452900,0.001341,667.803900,0.005624,420.7
2002-04-30,0.036252,999.968700,0.040135,1203.266000,0.029382,1126.816000,0.028622,1214.227000,0.023723,1112.351000,0.013578,1021.745000,0.007708,985.500300,0.001669,800.787100,0.001546,668.836300,0.005593,423.1
2002-05-31,0.002146,1002.115000,0.001533,1205.111000,0.008136,1135.984000,0.011315,1227.966000,0.010847,1124.417000,0.004414,1026.255000,0.002214,987.682200,0.001607,802.074000,0.001442,669.800500,0.000000,423.1
2002-06-28,0.018716,1020.870000,0.018251,1227.106000,0.021555,1160.470000,0.018485,1250.664000,0.016332,1142.781000,0.009430,1035.933000,0.005796,993.406800,0.001432,803.222600,0.001312,670.679300,0.000556,423.3
2002-07-31,0.035049,1056.651000,0.030021,1263.944000,0.030770,1196.178000,0.030141,1288.361000,0.028037,1174.821000,0.015878,1052.381000,0.005072,998.445400,0.001556,804.472400,0.001507,671.690000,0.001112,423.8
2002-08-30,0.060110,1120.166000,0.045547,1321.513000,0.030178,1232.276000,0.022089,1316.819000,0.016825,1194.587000,0.004572,1057.193000,0.000968,999.411900,0.001467,805.652600,0.001402,672.631700,0.003331,425.2
2002-09-30,0.042904,1168.226000,0.041489,1376.342000,0.046890,1290.057000,0.036019,1364.250000,0.030206,1230.671000,0.010277,1068.058000,0.004035,1003.445000,0.001606,806.946400,0.001414,673.582800,0.001660,425.9
2002-10-31,-0.041985,1119.178000,-0.028103,1337.662000,-0.020221,1263.971000,-0.008435,1352.742000,-0.003478,1226.391000,0.002358,1070.576000,0.002565,1006.018000,0.001475,808.136700,0.001334,674.481700,0.001657,426.6
2002-11-29,-0.003344,1115.435000,-0.011966,1321.656000,-0.021163,1237.222000,-0.019251,1326.701000,-0.017077,1205.447000,-0.005049,1065.171000,-0.000347,1005.669000,0.001557,809.395000,0.001166,675.268100,0.000000,426.6
2002-12-31,0.042637,1162.994000,0.044021,1379.836000,0.035968,1281.722000,0.034456,1372.414000,0.028048,1239.258000,0.011089,1076.983000,0.004480,1010.175000,0.001199,810.365400,0.001079,675.996700,-0.002206,425.6
2003-01-31,-0.004782,1157.433000,-0.004343,1373.844000,-0.008285,1271.103000,-0.007164,1362.582000,-0.006167,1231.615000,0.000875,1077.925000,0.000443,1010.622000,0.001084,811.243900,0.000934,676.628300,0.004422,427.5
2003-02-28,0.029008,1191.007000,0.030871,1416.256000,0.026230,1304.444000,0.021521,1391.906000,0.016693,1252.175000,0.005203,1083.533000,0.001683,1012.323000,0.000850,811.933400,0.000871,677.217600,0.007705,430.8
2003-03-31,-0.017930,1169.653000,-0.011278,1400.283000,-0.005651,1297.073000,-0.002253,1388.770000,0.000020,1252.200000,0.001900,1085.592000,0.002141,1014.490000,0.001198,812.906100,0.001020,677.908300,0.006008,433.4
2003-04-30,0.011381,1182.964000,0.009585,1413.705000,-0.000069,1296.983000,0.002400,1392.103000,0.001737,1254.375000,0.001626,1087.357000,0.001039,1015.544000,0.000930,813.662100,0.000939,678.544900,-0.002172,432.5
2003-05-30,0.064188,1258.896000,0.057641,1495.192000,0.042443,1352.031000,0.033750,1439.086000,0.025215,1286.004000,0.004609,1092.369000,0.001078,1016.639000,0.000958,814.441600,0.000903,679.157600,-0.001632,431.8
2003-06-30,-0.023214,1229.672000,-0.014020,1474.230000,-0.009082,1339.752000,-0.004886,1432.055000,-0.002791,1282.415000,0.002200,1094.772000,0.002162,1018.837000,0.001439,815.613600,0.000984,679.825900,0.001090,432.2
2003-07-31,-0.104917,1100.659000,-0.093603,1336.237000,-0.066819,1250.231000,-0.046952,1364.817000,-0.030690,1243.057000,-0.006811,1087.316000,-0.000905,1017.915000,0.000746,816.222000,0.000674,680.284300,0.001089,432.7
2003-08-29,0.023022,1125.998000,0.009902,1349.469000,0.004672,1256.072000,-0.000653,1363.926000,-0.002624,1239.796000,-0.002283,1084.833000,0.000532,1018.457000,0.000717,816.807300,0.000689,680.753000,0.003806,434.4
2003-09-30,0.055228,1188.185000,0.058097,1427.869000,0.046768,1314.816000,0.040350,1418.960000,0.033421,1281.231000,0.012150,1098.014000,0.003814,1022.341000,0.001072,817.682900,0.000865,681.341900,0.003250,435.8
2003-10-31,-0.031384,1150.895000,-0.029366,1385.938000,-0.024426,1282.700000,-0.018579,1392.597000,-0.014593,1262.534000,-0.005100,1092.414000,-0.000772,1021.552000,0.000774,818.315800,0.000700,681.819200,-0.001080,435.3
2003-11-28,0.004057,1155.564000,0.003887,1391.325000,0.001662,1284.832000,-0.000094,1392.466000,-0.000681,1261.674000,-0.001446,1090.834000,-0.000455,1021.087000,0.000804,818.973700,0.000725,682.313400,-0.002703,434.1
2003-12-31,0.013211,1170.830000,0.016052,1413.659000,0.010311,1298.080000,0.011373,1408.303000,0.010046,1274.349000,0.006885,1098.345000,0.003836,1025.004000,0.000971,819.768900,0.000831,682.880400,-0.001084,433.6
2004-01-30,0.019525,1193.691000,0.015763,1435.942000,0.012966,1314.911000,0.009444,1421.603000,0.005584,1281.465000,0.002965,1101.601000,0.001233,1026.268000,0.000868,820.480500,0.000696,683.355700,0.004883,435.8
2004-02-27,0.021635,1219.516000,0.023563,1469.777000,0.017481,1337.897000,0.015920,1444.235000,0.012425,1297.387000,0.005320,1107.462000,0.001592,1027.902000,0.000663,821.024500,0.000623,683.781500,0.005400,438.1
2004-03-31,0.014178,1236.807000,0.013929,1490.250000,0.014353,1357.100000,0.012258,1461.938000,0.011272,1312.011000,0.003441,1111.273000,0.001410,1029.351000,0.000918,821.778200,0.000844,684.358600,0.006445,440.9
2004-04-30,-0.067295,1153.576000,-0.059584,1401.455000,-0.049090,1290.480000,-0.040496,1402.736000,-0.033809,1267.653000,-0.012968,1096.862000,-0.003310,1025.944000,0.000816,822.448700,0.000795,684.902600,0.003202,442.4
2004-05-28,-0.003441,1149.606000,-0.004100,1395.709000,-0.006666,1281.877000,-0.004916,1395.840000,-0.004927,1261.408000,-0.001439,1095.283000,-0.000371,1025.563000,0.000749,823.064700,0.000603,685.315600,0.005851,444.9
2004-06-30,0.011977,1163.375000,0.013616,1414.713000,0.010107,1294.833000,0.008733,1408.030000,0.005570,1268.434000,0.000646,1095.991000,0.000200,1025.768000,0.000819,823.738800,0.000817,685.875500,0.003173,446.4
2004-07-30,0.016703,1182.807000,0.014664,1435.458000,0.012080,1310.475000,0.009590,1421.533000,0.007603,1278.077000,0.003181,1099.477000,0.001789,1027.603000,0.000896,824.476900,0.000919,686.505900,-0.001581,445.6
2004-08-31,0.043186,1233.888000,0.039549,1492.229000,0.032183,1352.650000,0.026443,1459.122000,0.020377,1304.121000,0.008366,1108.676000,0.003512,1031.212000,0.001258,825.514100,0.001116,687.272000,0.000528,445.9
2004-09-30,0.009077,1245.088000,0.008695,1505.204000,0.002804,1356.443000,0.002040,1462.099000,0.000598,1304.901000,-0.001396,1107.128000,-0.000269,1030.935000,0.001327,826.609600,0.001185,688.086200,0.002111,446.8
2004-10-29,0.018720,1268.396000,0.015813,1529.006000,0.011144,1371.559000,0.008994,1475.249000,0.006911,1313.919000,0.003467,1110.966000,0.001553,1032.536000,0.001111,827.527900,0.001129,688.863100,0.005266,449.2
2004-11-30,-0.025773,1235.705000,-0.022469,1494.651000,-0.017663,1347.333000,-0.018028,1448.653000,-0.014843,1294.416000,-0.005720,1104.611000,-0.002025,1030.445000,0.001474,828.747700,0.001541,689.924600,0.000524,449.4
2004-12-31,0.029946,1272.710000,0.024136,1530.726000,0.013398,1365.385000,0.011803,1465.752000,0.007490,1304.112000,0.001828,1106.631000,0.001464,1031.954000,0.002104,830.491400,0.001672,691.077900,-0.003665,447.8
2005-01-31,0.038437,1321.629000,0.028471,1574.307000,0.009351,1378.152000,0.004691,1472.627000,0.000411,1304.648000,-0.000905,1105.629000,0.000604,1032.577000,0.001690,831.894900,0.001661,692.225800,0.002102,448.7
2005-02-28,-0.015657,1300.936000,-0.014668,1551.215000,-0.013112,1360.082000,-0.012305,1454.507000,-0.010545,1290.890000,-0.002707,1102.636000,-0.000387,1032.177000,0.001613,833.236800,0.001641,693.361700,0.005768,451.3
2005-03-31,-0.000930,1299.726000,-0.004377,1544.425000,-0.004518,1353.937000,-0.003489,1449.432000,-0.002861,1287.197000,0.000109,1102.756000,0.001544,1033.771000,0.002385,835.224000,0.002123,694.833600,0.007821,454.8
2005-04-29,0.039067,1350.503000,0.035333,1598.994000,0.026104,1389.280000,0.020601,1479.292000,0.015349,1306.954000,0.006062,1109.441000,0.003691,1037.587000,0.002189,837.052300,0.002072,696.273300,0.006725,457.9
2005-05-31,0.032511,1394.409000,0.032170,1650.434000,0.018363,1414.792000,0.020712,1509.931000,0.010154,1320.225000,0.004763,1114.726000,0.003251,1040.960000,0.002672,839.288900,0.002395,697.940900,-0.001028,457.4
2005-06-30,0.022747,1426.127000,0.017606,1679.492000,0.009046,1427.590000,0.002256,1513.337000,0.004573,1326.262000,0.001778,1116.708000,0.001802,1042.836000,0.002256,841.182400,0.002263,699.520600,0.000514,457.6
2005-07-29,-0.036368,1374.262000,-0.031633,1626.364000,-0.021346,1397.117000,-0.020219,1482.739000,-0.015060,1306.289000,-0.004307,1111.898000,-0.000608,1042.202000,0.002114,842.960600,0.002383,701.187600,0.004627,459.8
2005-08-31,0.035543,1423.107000,0.032788,1679.689000,0.020806,1426.185000,0.018484,1510.146000,0.015683,1326.775000,0.007228,1119.935000,0.004896,1047.304000,0.003081,845.557800,0.002920,703.235000,0.005118,462.1
2005-09-30,-0.041069,1364.662000,-0.033298,1623.759000,-0.018281,1400.113000,-0.017388,1483.888000,-0.012072,1310.758000,-0.003314,1116.223000,-0.000060,1047.241000,0.003136,848.209500,0.002848,705.237900,0.012220,467.8
2005-10-31,-0.022459,1334.013000,-0.019975,1591.325000,-0.011898,1383.454000,-0.011174,1467.307000,-0.008743,1299.298000,-0.000763,1115.372000,0.001098,1048.391000,0.002667,850.471600,0.002728,707.161800,0.002012,468.7
2005-11-30,0.012485,1350.668000,0.007972,1604.011000,0.006295,1392.163000,0.006018,1476.137000,0.004313,1304.902000,0.003289,1119.040000,0.002993,1051.529000,0.003393,853.357300,0.003045,709.315100,-0.008032,464.9
2005-12-30,0.026477,1386.430000,0.027379,1647.927000,0.011198,1407.753000,0.010786,1492.059000,0.005806,1312.479000,0.003983,1123.497000,0.003666,1055.384000,0.003170,856.062400,0.003160,711.556300,-0.004049,463.1
2006-01-31,-0.015976,1364.280000,-0.011112,1629.615000,-0.004563,1401.329000,-0.004991,1484.612000,-0.002261,1309.511000,0.001664,1125.367000,0.001937,1057.428000,0.003212,858.812100,0.003488,714.038200,0.007622,466.6
2006-02-28,0.012809,1381.755000,0.008721,1643.827000,0.000153,1401.543000,-0.002072,1481.536000,-0.001712,1307.269000,0.000597,1126.039000,0.002138,1059.689000,0.003270,861.620400,0.003322,716.410300,0.002017,467.5
2006-03-31,-0.055518,1305.043000,-0.040187,1577.766000,-0.019782,1373.818000,-0.010402,1466.125000,-0.006159,1299.218000,0.001006,1127.171000,0.002633,1062.479000,0.003923,865.000600,0.003642,719.019600,0.005536,470.1
2006-04-28,-0.038002,1255.449000,-0.024514,1539.089000,-0.008795,1361.735000,-0.004494,1459.536000,-0.001292,1297.539000,0.002915,1130.457000,0.003109,1065.782000,0.003340,867.889700,0.003559,721.578700,0.008509,474.1
2006-05-31,-0.005631,1248.379000,-0.001525,1536.742000,-0.001047,1360.310000,-0.001838,1456.853000,-0.001677,1295.363000,0.001361,1131.996000,0.002628,1068.583000,0.004294,871.616400,0.004195,724.605700,0.004963,476.5
2006-06-30,0.010872,1261.952000,0.010620,1553.062000,0.003077,1364.495000,0.003175,1461.479000,0.000956,1296.602000,0.001500,1133.694000,0.002458,1071.210000,0.003842,874.965100,0.003970,727.482400,0.001975,477.4
2006-07-31,0.023037,1291.023000,0.021198,1585.984000,0.016418,1386.898000,0.015436,1484.038000,0.013136,1313.634000,0.008253,1143.050000,0.005809,1077.433000,0.004207,878.646100,0.003976,730.374800,0.002957,478.8
2006-08-31,0.033521,1334.300000,0.028996,1631.971000,0.021575,1416.820000,0.016606,1508.682000,0.013386,1331.218000,0.007300,1151.394000,0.005217,1083.054000,0.004477,882.579800,0.004283,733.503200,0.001966,479.8
2006-09-29,0.022313,1364.072000,0.017554,1660.619000,0.011343,1432.891000,0.010171,1524.027000,0.007946,1341.796000,0.004989,1157.139000,0.004391,1087.809000,0.004418,886.479000,0.004047,736.471700,-0.004904,477.4
2006-10-31,0.011512,1379.775000,0.008110,1674.086000,0.007074,1443.027000,0.005760,1532.805000,0.004238,1347.482000,0.003894,1161.644000,0.003965,1092.122000,0.003932,889.964700,0.004076,739.473600,-0.005421,474.8
2006-11-30,0.028752,1419.446000,0.020207,1707.915000,0.013674,1462.759000,0.011619,1550.615000,0.008574,1359.036000,0.005344,1167.852000,0.004218,1096.729000,0.004312,893.802200,0.004243,742.611000,-0.001487,474.1
2006-12-29,-0.035085,1369.645000,-0.024170,1666.634000,-0.015746,1439.727000,-0.011550,1532.705000,-0.007490,1348.857000,-0.000605,1167.146000,0.002285,1099.235000,0.004088,897.456100,0.004036,745.608200,0.001489,474.8
2007-01-31,-0.010679,1355.019000,-0.007534,1654.078000,-0.003600,1434.544000,-0.001775,1529.985000,-0.000763,1347.827000,0.001951,1169.423000,0.003995,1103.626000,0.004410,901.413900,0.004328,748.835100,0.003053,476.3
2007-02-28,0.035901,1403.665000,0.028796,1701.709000,0.019999,1463.233000,0.018779,1558.716000,0.015508,1368.729000,0.008344,1179.180000,0.005063,1109.214000,0.003807,904.845500,0.003837,751.708400,0.005350,478.8
2007-03-30,-0.021418,1373.601000,-0.012110,1681.101000,-0.002247,1459.945000,0.001164,1560.531000,0.003053,1372.908000,0.004382,1184.348000,0.003904,1113.544000,0.004365,908.795200,0.004257,754.908500,0.009106,483.2
2007-04-30,0.008677,1385.520000,0.008095,1694.710000,0.006799,1469.871000,0.005634,1569.323000,0.004633,1379.269000,0.003723,1188.757000,0.003403,1117.334000,0.004529,912.911100,0.004348,758.190800,0.006496,486.3
2007-05-31,-0.025944,1349.574000,-0.020529,1659.919000,-0.014483,1448.583000,-0.013946,1547.437000,-0.011059,1364.016000,-0.001889,1186.511000,0.002538,1120.170000,0.004487,917.007400,0.004046,761.258700,0.006111,489.3
2007-06-29,-0.013263,1331.675000,-0.008926,1645.102000,-0.006804,1438.727000,-0.001106,1545.726000,0.000799,1365.105000,0.004189,1191.482000,0.004246,1124.926000,0.003801,920.492900,0.003918,764.241300,0.001938,490.2
2007-07-31,0.039013,1383.627000,0.030381,1695.082000,0.023884,1473.089000,0.021695,1579.260000,0.018827,1390.806000,0.010287,1203.738000,0.006321,1132.037000,0.004037,924.208900,0.003962,767.269200,-0.000254,490.1
2007-08-31,0.014998,1404.379000,0.017484,1724.719000,0.017130,1498.323000,0.022029,1614.050000,0.017403,1415.010000,0.010008,1215.785000,0.007002,1139.963000,0.005694,929.471300,0.004205,770.495700,-0.001834,489.2
2007-09-28,0.002330,1407.651000,0.001447,1727.215000,-0.000440,1497.664000,0.002781,1618.538000,0.004294,1421.086000,0.006878,1224.148000,0.005447,1146.172000,0.003905,933.100900,0.003347,773.074500,0.002756,490.6
2007-10-31,0.018432,1433.597000,0.015780,1754.470000,0.013082,1517.257000,0.009846,1634.474000,0.007296,1431.455000,0.004278,1229.385000,0.003567,1150.261000,0.003145,936.035600,0.003212,775.557600,0.002139,491.6
2007-11-30,0.062646,1523.406000,0.048778,1840.050000,0.044192,1584.307000,0.039726,1699.405000,0.037483,1485.110000,0.020658,1254.781000,0.011388,1163.360000,0.004658,940.395600,0.003395,778.190600,0.005940,494.5
2007-12-31,-0.008740,1510.092000,-0.006067,1828.886000,-0.003627,1578.561000,0.001302,1701.618000,0.000672,1486.108000,0.001824,1257.070000,0.001147,1164.694000,0.002879,943.103000,0.002921,780.463700,-0.000671,494.2
2008-01-31,0.025452,1548.526000,0.025689,1875.869000,0.038355,1639.107000,0.036982,1764.547000,0.033951,1536.563000,0.020304,1282.593000,0.013061,1179.906000,0.005008,947.826100,0.002430,782.360200,0.004971,496.7
2008-02-29,-0.007590,1536.773000,0.000404,1876.626000,0.009265,1654.293000,0.014976,1790.973000,0.014841,1559.367000,0.009926,1295.324000,0.005399,1186.277000,0.001676,949.414600,0.001325,783.396800,0.002904,498.1
2008-03-31,0.022067,1570.685000,0.012042,1899.225000,0.011256,1672.914000,0.017594,1822.484000,0.004523,1566.420000,0.003037,1299.258000,0.002887,1189.702000,0.002430,951.721700,0.001869,784.861000,0.008668,502.4
2008-04-30,-0.025128,1531.217000,-0.018873,1863.381000,-0.016442,1645.408000,-0.029068,1769.508000,-0.023902,1528.979000,-0.012268,1283.319000,-0.002938,1186.206000,0.001126,952.793300,0.001025,785.665400,0.006065,505.5
2008-05-30,-0.036625,1475.136000,-0.029605,1808.215000,-0.018756,1614.546000,-0.018669,1736.473000,-0.015239,1505.679000,-0.005992,1275.629000,-0.001104,1184.897000,0.000221,953.003900,0.000946,786.408700,0.008421,509.7
2008-06-30,0.036209,1528.549000,0.023758,1851.175000,0.010754,1631.909000,0.014134,1761.016000,0.007218,1516.547000,0.003551,1280.159000,0.001278,1186.411000,0.001831,954.748800,0.001750,787.784900,0.010077,514.9
2008-07-31,-0.004120,1522.252000,-0.000827,1849.644000,0.005155,1640.322000,0.009349,1777.480000,0.007249,1527.541000,0.005230,1286.854000,0.003177,1190.180000,0.001720,956.391000,0.001440,788.919400,0.005251,517.6
2008-08-29,0.028500,1565.636000,0.023764,1893.599000,0.015313,1665.440000,0.012839,1800.301000,0.008864,1541.081000,0.004534,1292.689000,0.002366,1192.996000,0.001413,957.742400,0.001282,789.930800,-0.003992,515.5
2008-09-30,0.022100,1600.236000,0.007784,1908.339000,0.000875,1666.897000,0.003465,1806.539000,0.009371,1555.522000,0.010026,1305.650000,0.005113,1199.096000,0.002546,960.180800,0.001530,791.139300,-0.001383,514.8
2008-10-31,-0.006968,1589.086000,-0.036296,1839.074000,-0.028592,1619.237000,-0.007144,1793.633000,0.010844,1572.390000,0.012592,1322.090000,0.005218,1205.353000,0.001208,961.340700,0.000792,791.766200,-0.010101,509.6
2008-11-28,0.172202,1862.730000,0.144461,2104.748000,0.085378,1757.485000,0.081895,1940.522000,0.045233,1643.514000,0.012121,1338.115000,0.007170,1213.995000,0.001024,962.325100,0.000228,791.946700,-0.019153,499.8
2008-12-31,0.146556,2135.724000,0.091421,2297.166000,0.056872,1857.436000,0.036706,2011.751000,0.023094,1681.470000,0.006517,1346.836000,0.003890,1218.718000,0.000063,962.385800,0.000029,791.969700,-0.010342,494.7
2009-01-30,-0.147382,1820.957000,-0.105931,2053.825000,-0.044454,1774.866000,-0.029484,1952.437000,-0.016891,1653.068000,-0.004086,1341.333000,-0.001545,1216.835000,-0.000038,962.349200,0.000023,791.987900,0.004352,496.8
2009-02-27,-0.016446,1791.009000,-0.004178,2045.244000,-0.001920,1771.458000,-0.011374,1930.230000,-0.005036,1644.743000,-0.000711,1340.379000,-0.001389,1215.145000,0.000280,962.618700,0.000147,792.104300,0.004973,499.3
2009-03-31,0.035141,1853.947000,0.057347,2162.533000,0.032910,1829.757000,0.032325,1992.625000,0.018826,1675.707000,0.005159,1347.294000,0.001434,1216.887000,0.000351,962.956500,0.000159,792.230200,0.002432,500.5
2009-04-30,-0.084469,1697.346000,-0.061338,2029.887000,-0.035782,1764.284000,-0.024371,1944.062000,-0.016750,1647.639000,-0.001117,1345.789000,0.001908,1219.209000,0.000359,963.302200,0.000125,792.329300,0.002496,501.7
2009-05-29,-0.045676,1619.818000,-0.025809,1977.498000,-0.016442,1735.276000,-0.019651,1905.859000,-0.013248,1625.811000,0.000831,1346.907000,0.000361,1219.649000,0.000118,963.415900,0.000017,792.342800,0.002889,503.2
2009-06-30,0.004932,1627.807000,0.006795,1990.935000,0.002851,1740.223000,-0.005474,1895.427000,-0.007250,1614.024000,-0.002294,1343.818000,0.000567,1220.341000,0.000108,963.520000,0.000075,792.402200,0.008590,507.5
2009-07-31,0.008809,1642.146000,0.007232,2005.334000,0.008263,1754.603000,0.008512,1911.561000,0.006035,1623.764000,0.001920,1346.398000,0.001105,1221.689000,0.000196,963.708800,0.000119,792.496300,-0.001586,506.7
2009-08-31,0.024428,1682.261000,0.020938,2047.321000,0.010147,1772.407000,0.010546,1931.720000,0.009517,1639.218000,0.004433,1352.366000,0.001488,1223.507000,0.000241,963.941000,0.000116,792.588200,0.002243,507.8
2009-09-30,0.024697,1723.807000,0.016535,2081.174000,0.010322,1790.701000,0.010792,1952.567000,0.006463,1649.812000,0.002416,1355.634000,0.000799,1224.484000,0.000250,964.182000,0.000079,792.650900,0.000625,508.2
2009-10-30,-0.024902,1680.881000,-0.014160,2051.704000,-0.003575,1784.300000,0.002101,1956.669000,0.003621,1655.786000,0.002946,1359.627000,-0.000021,1224.459000,0.000195,964.370000,0.000040,792.682500,0.000963,508.7
2009-11-30,0.007070,1692.765000,0.018410,2089.476000,0.018977,1818.160000,0.022120,1999.951000,0.018421,1686.287000,0.006743,1368.795000,0.001892,1226.775000,0.000104,964.470300,0.000004,792.685700,0.000708,509.0
2009-12-31,-0.065857,1581.285000,-0.054419,1975.769000,-0.037937,1749.185000,-0.038514,1922.925000,-0.027479,1639.950000,-0.006970,1359.255000,-0.001166,1225.345000,0.000066,964.534000,0.000062,792.735200,-0.001761,508.1
2010-01-29,0.027458,1624.704000,0.029431,2033.918000,0.020794,1785.557000,0.023747,1968.589000,0.018564,1670.394000,0.008927,1371.389000,0.003246,1229.322000,0.000062,964.593800,0.000028,792.757500,0.003417,509.9
2010-02-26,-0.007625,1612.315000,-0.002964,2027.889000,0.002013,1789.152000,0.003708,1975.888000,0.004494,1677.901000,0.001837,1373.908000,-0.000473,1228.741000,0.000015,964.608300,0.000010,792.765300,0.000249,510.0
2010-03-31,-0.020685,1578.964000,-0.013103,2001.318000,-0.014015,1764.077000,-0.009930,1956.268000,-0.007662,1665.045000,-0.001592,1371.721000,-0.000869,1227.673000,0.000042,964.648800,0.000068,792.819300,0.004106,512.1
2010-04-30,0.035545,1635.089000,0.029069,2059.494000,0.016503,1793.189000,0.013512,1982.701000,0.009075,1680.155000,0.002381,1374.987000,0.000162,1227.872000,0.000129,964.773200,0.000111,792.907300,0.001737,513.0
2010-05-28,0.053633,1722.783000,0.040848,2143.620000,0.025297,1838.552000,0.025802,2033.858000,0.015079,1705.490000,0.005645,1382.749000,0.000695,1228.726000,0.000129,964.897700,0.000112,792.996100,0.000775,513.4
2010-06-30,0.059823,1825.846000,0.044813,2239.682000,0.033851,1900.788000,0.024838,2084.375000,0.018435,1736.931000,0.004265,1388.646000,0.001116,1230.097000,0.000118,965.011500,0.000127,793.096800,-0.000976,512.9
2010-07-30,-0.013918,1800.433000,-0.000159,2239.326000,0.007935,1915.871000,0.009597,2104.379000,0.011016,1756.065000,0.001881,1391.258000,0.000856,1231.150000,0.000176,965.181400,0.000142,793.209400,0.000211,513.0
2010-08-31,0.087271,1957.559000,0.073081,2402.978000,0.035527,1983.936000,0.022601,2151.940000,0.013728,1780.172000,0.001747,1393.689000,0.001025,1232.412000,0.000145,965.321300,0.000126,793.309400,0.001381,513.7
2010-09-30,-0.027617,1903.497000,-0.017073,2361.952000,-0.001971,1980.026000,0.003909,2160.352000,0.005236,1789.493000,0.001503,1395.783000,0.000346,1232.838000,0.000044,965.363800,0.000125,793.408600,0.000582,514.0
2010-10-29,-0.047609,1812.874000,-0.029154,2293.092000,-0.005208,1969.714000,0.001257,2163.068000,0.006257,1800.690000,0.002339,1399.048000,0.000304,1233.213000,0.000159,965.517300,0.000112,793.497400,0.001245,514.6
2010-11-30,-0.018945,1778.529000,-0.016369,2255.556000,-0.007214,1955.504000,-0.010132,2141.151000,-0.012155,1778.802000,-0.002914,1394.971000,-0.000524,1232.567000,0.000046,965.561700,0.000114,793.587900,0.000421,514.8
2010-12-31,-0.033938,1718.169000,-0.038450,2168.830000,-0.038909,1879.418000,-0.031250,2074.240000,-0.022323,1739.094000,-0.001872,1392.360000,-0.000083,1232.464000,0.000220,965.774100,0.000140,793.698700,0.001718,515.7
2011-01-31,-0.033947,1659.842000,-0.018943,2127.746000,-0.000224,1878.997000,0.004017,2082.573000,0.006702,1750.749000,0.001807,1394.876000,0.001078,1233.793000,0.000058,965.830100,0.000066,793.751100,0.004763,518.2
2011-02-28,0.013722,1682.619000,0.009301,2147.536000,-0.000203,1878.615000,-0.004725,2072.732000,-0.005920,1740.385000,-0.001240,1393.146000,0.000241,1234.090000,0.000142,965.967300,0.000122,793.847900,0.004931,520.7
2011-03-31,0.002477,1686.786000,0.000606,2148.838000,-0.000481,1877.712000,-0.001206,2070.233000,-0.002384,1736.236000,-0.001361,1391.250000,0.000077,1234.185000,0.000237,966.196200,0.000067,793.900900,0.009751,525.8
2011-04-29,0.021352,1722.803000,0.020522,2192.936000,0.014547,1905.027000,0.018198,2107.907000,0.017115,1765.952000,0.005492,1398.891000,0.000672,1235.015000,0.000208,966.397200,0.000053,793.943000,0.006439,529.2
2011-05-31,0.034299,1781.893000,0.033069,2265.454000,0.024937,1952.532000,0.023058,2156.511000,0.016184,1794.532000,0.003772,1404.168000,0.001021,1236.276000,0.000064,966.459000,0.000013,793.953300,0.004704,531.7
2011-06-30,-0.020786,1744.855000,-0.015913,2229.404000,-0.005928,1940.958000,-0.002822,2150.425000,0.000608,1795.623000,0.001331,1406.037000,0.000198,1236.520000,0.000103,966.558600,0.000035,793.981400,-0.001071,531.1
2011-07-29,0.045984,1825.090000,0.043219,2325.757000,0.031082,2001.287000,0.027002,2208.491000,0.021177,1833.649000,0.002698,1409.830000,-0.000921,1235.382000,-0.000083,966.478400,-0.000028,793.959200,0.000886,531.6
2011-08-31,0.100097,2007.776000,0.082606,2517.878000,0.047503,2096.354000,0.035711,2287.358000,0.020564,1871.356000,0.003605,1414.912000,0.001945,1237.784000,0.000231,966.701600,0.000083,794.025100,0.002758,533.0
2011-09-30,0.138029,2284.907000,0.072288,2699.891000,0.029468,2158.129000,0.009159,2308.308000,0.002422,1875.888000,-0.001143,1413.295000,-0.001243,1236.246000,0.000008,966.709300,-0.000001,794.024300,0.001518,533.9
2011-10-31,-0.037082,2200.179000,-0.022895,2638.077000,-0.012101,2132.014000,-0.005505,2295.601000,0.000677,1877.158000,0.001335,1415.182000,0.000650,1237.049000,0.000025,966.733500,0.000014,794.035400,-0.002063,532.8
2011-11-30,0.021636,2247.782000,0.016038,2680.386000,0.008685,2150.530000,0.005789,2308.890000,0.002623,1882.082000,0.000186,1415.445000,0.000291,1237.409000,0.000006,966.739300,0.000004,794.038600,-0.000844,532.3
2011-12-30,0.034102,2324.435000,0.027565,2754.271000,0.019019,2191.431000,0.014868,2343.219000,0.006518,1894.350000,0.000491,1416.140000,-0.000495,1236.797000,-0.000009,966.730600,0.000000,794.038600,-0.002467,531.0
2012-01-31,-0.005795,2310.965000,0.000123,2754.610000,0.008827,2210.775000,0.010223,2367.174000,0.007973,1909.453000,0.000864,1417.364000,0.000450,1237.353000,-0.000048,966.684200,-0.000002,794.037000,0.004400,533.3
2012-02-29,-0.024496,2254.356000,-0.020789,2697.344000,-0.010592,2187.358000,-0.007426,2349.595000,-0.005721,1898.529000,-0.001303,1415.517000,-0.000635,1236.568000,0.000018,966.701600,0.000031,794.061600,0.004403,535.7
2012-03-30,-0.044988,2152.937000,-0.035932,2600.423000,-0.019458,2144.797000,-0.011703,2322.098000,-0.007109,1885.033000,-0.000274,1415.129000,-0.000285,1236.215000,0.000088,966.786700,0.000046,794.098100,0.007595,539.7
2012-04-30,0.047272,2254.711000,0.041630,2708.679000,0.028413,2205.737000,0.021896,2372.942000,0.012062,1907.770000,0.002289,1418.368000,0.000716,1237.100000,0.000036,966.821500,0.000029,794.121200,0.003021,541.4
2012-05-31,0.098554,2476.921000,0.082921,2933.285000,0.031440,2275.085000,0.022031,2425.221000,0.008390,1923.776000,0.000290,1418.780000,0.000108,1237.234000,0.000175,966.990700,0.000065,794.172500,-0.001173,540.7
2012-06-29,-0.019824,2427.819000,-0.016865,2883.815000,-0.006625,2260.013000,-0.004542,2414.205000,-0.001385,1921.112000,-0.000607,1417.918000,-0.000491,1236.627000,0.000095,967.082500,0.000022,794.190000,-0.001466,539.9
2012-07-31,0.044671,2536.272000,0.035250,2985.470000,0.015792,2295.703000,0.010579,2439.745000,0.008221,1936.905000,0.002624,1421.639000,0.001154,1238.054000,0.000102,967.181200,0.000032,794.215400,-0.001630,539.1
2012-08-31,-0.019212,2487.545000,-0.012587,2947.892000,-0.002442,2290.097000,-0.000892,2437.569000,0.001074,1938.985000,-0.000251,1421.282000,-0.000172,1237.841000,0.000123,967.300100,0.000050,794.255100,0.005565,542.1
2012-09-28,-0.028056,2417.755000,-0.020368,2887.849000,-0.006372,2275.504000,-0.001414,2434.122000,0.000245,1939.460000,0.000019,1421.309000,0.000157,1238.035000,0.000109,967.405600,0.000067,794.308300,0.004462,544.5
2012-10-31,-0.003986,2408.117000,-0.002611,2880.309000,-0.002909,2268.885000,-0.004347,2423.541000,-0.003651,1932.379000,-0.000574,1420.493000,0.000080,1238.134000,0.000067,967.470400,0.000037,794.337700,-0.000389,544.3
2012-11-30,0.013069,2439.589000,0.011232,2912.660000,0.009380,2290.167000,0.008396,2443.889000,0.007181,1946.256000,0.001030,1421.956000,0.000265,1238.462000,0.000195,967.659100,0.000085,794.405200,-0.004738,541.7
2012-12-31,-0.025503,2377.372000,-0.017688,2861.141000,-0.008797,2270.020000,-0.007175,2426.354000,-0.003136,1940.152000,0.000428,1422.565000,0.000379,1238.932000,0.000118,967.773300,0.000103,794.487300,-0.002693,540.2
2013-01-31,-0.040356,2281.431000,-0.032754,2767.428000,-0.014939,2236.109000,-0.010384,2401.159000,-0.005317,1929.837000,0.000317,1423.016000,0.000448,1239.487000,0.000019,967.791600,0.000022,794.504500,0.002957,541.8
2013-02-28,0.016490,2319.052000,0.012462,2801.915000,0.011635,2262.126000,0.011607,2429.029000,0.006808,1942.975000,0.000928,1424.337000,0.000347,1239.917000,0.000017,967.808100,0.000054,794.547300,0.008190,546.3
2013-03-28,-0.000857,2317.064000,-0.001676,2797.219000,0.003768,2270.649000,0.003451,2437.412000,0.001281,1945.464000,0.000045,1424.401000,0.000170,1240.127000,0.000143,967.946500,0.000041,794.580000,0.002615,547.7
2013-04-30,0.047396,2426.884000,0.038864,2905.930000,0.017563,2310.529000,0.009879,2461.491000,0.005781,1956.711000,0.001233,1426.157000,0.000714,1241.013000,0.000165,968.106200,0.000037,794.609300,-0.001040,547.1
2013-05-31,-0.069915,2257.208000,-0.057787,2738.005000,-0.031221,2238.392000,-0.023619,2403.353000,-0.014887,1927.581000,-0.001478,1424.049000,-0.000074,1240.921000,0.000093,968.196200,0.000012,794.619200,0.001780,548.1
2013-06-28,-0.039381,2168.317000,-0.034452,2643.676000,-0.029891,2171.484000,-0.024590,2344.255000,-0.016287,1896.186000,-0.000671,1423.094000,-0.000038,1240.874000,0.000053,968.247500,0.000013,794.629600,0.002400,549.4
2013-07-31,-0.022609,2119.294000,-0.016208,2600.827000,-0.004527,2161.654000,0.000936,2346.449000,0.002921,1901.725000,0.001729,1425.554000,0.000688,1241.728000,0.000048,968.294000,0.000009,794.636700,0.000394,549.6
2013-08-30,-0.014221,2089.155000,-0.011093,2571.976000,-0.012869,2133.835000,-0.013279,2315.290000,-0.009388,1883.872000,-0.001446,1423.493000,-0.000054,1241.661000,0.000072,968.363700,0.000009,794.643800,0.001203,550.3
2013-09-30,0.005859,2101.396000,0.008511,2593.866000,0.017924,2172.082000,0.019578,2360.619000,0.014959,1912.053000,0.002603,1427.198000,0.000888,1242.763000,0.000040,968.402500,0.000008,794.650200,0.001163,550.9
2013-10-31,0.011250,2125.036000,0.011196,2622.907000,0.006915,2187.102000,0.005560,2373.744000,0.005137,1921.875000,0.000952,1428.557000,0.000122,1242.915000,-0.000018,968.385000,0.000017,794.663900,-0.002575,549.5
2013-11-29,-0.027712,2066.147000,-0.022515,2563.852000,-0.012242,2160.328000,-0.004939,2362.020000,0.000810,1923.432000,0.000946,1429.908000,0.000042,1242.967000,0.000063,968.446000,0.000032,794.689300,-0.002042,548.4
2013-12-31,-0.024415,2015.702000,-0.020537,2511.198000,-0.021754,2113.332000,-0.019825,2315.193000,-0.015095,1894.397000,-0.001519,1427.736000,0.000129,1243.127000,0.000122,968.564200,0.000023,794.707600,-0.000086,548.4
2014-01-31,0.071553,2159.932000,0.057749,2656.218000,0.035655,2188.683000,0.023775,2370.237000,0.014623,1922.099000,0.001843,1430.367000,0.000323,1243.529000,0.000149,968.708500,0.000012,794.717500,0.003720,550.4
2014-02-28,0.006347,2173.641000,0.006708,2674.035000,0.004406,2198.326000,0.002768,2376.798000,0.001652,1925.274000,0.001181,1432.057000,0.000266,1243.860000,-0.000023,968.686200,0.000045,794.753300,0.003698,552.4
2014-03-31,0.007645,2190.258000,0.004409,2685.825000,-0.003934,2189.678000,-0.009167,2355.010000,-0.007456,1910.920000,-0.000862,1430.822000,0.000359,1244.306000,0.000096,968.779200,0.000028,794.775500,0.006440,556.0
2014-04-30,0.020936,2236.114000,0.017718,2733.413000,0.008401,2208.073000,0.007413,2372.467000,0.005358,1921.158000,0.001172,1432.499000,0.000680,1245.152000,0.000053,968.830600,0.000015,794.787400,0.003297,557.8
2014-05-30,0.029464,2301.999000,0.025147,2802.150000,0.019114,2250.278000,0.014396,2406.621000,0.009674,1939.744000,0.001989,1435.348000,-0.000006,1245.145000,0.000029,968.858700,0.000008,794.793800,0.003493,559.8
2014-06-30,-0.003218,2294.591000,-0.003278,2792.964000,-0.002418,2244.837000,-0.002550,2400.484000,-0.001924,1936.012000,-0.000501,1434.629000,0.000004,1245.150000,0.000042,968.899400,0.000020,794.809700,0.001862,560.8
2014-07-31,0.011048,2319.941000,0.008294,2816.129000,-0.000160,2244.478000,-0.003625,2391.783000,-0.003838,1928.581000,-0.000246,1434.276000,0.000281,1245.500000,0.000047,968.944900,0.000013,794.819900,-0.000390,560.6
2014-08-29,0.049426,2434.607000,0.038171,2923.624000,0.018782,2286.634000,0.014499,2426.461000,0.008749,1945.454000,0.001195,1435.990000,0.000623,1246.276000,0.000022,968.966200,0.000003,794.822300,-0.001671,559.7
2014-09-30,-0.019667,2386.725000,-0.015959,2876.966000,-0.010631,2262.325000,-0.007935,2407.207000,-0.004205,1937.274000,-0.000068,1435.893000,0.000191,1246.514000,0.000047,969.011700,0.000004,794.825500,0.000753,560.1
2014-10-31,0.028148,2453.907000,0.027575,2956.298000,0.013129,2292.027000,0.013729,2440.256000,0.009374,1955.434000,0.002620,1439.655000,0.000190,1246.750000,0.000001,969.012700,0.000012,794.835400,-0.002512,558.7
2014-11-28,0.036108,2542.513000,0.029607,3043.825000,0.014195,2324.562000,0.012307,2470.288000,0.010032,1975.051000,0.001547,1441.882000,0.000189,1246.986000,0.000034,969.045700,-0.000001,794.834600,-0.005399,555.6
2014-12-31,0.030158,2619.190000,0.028092,3129.332000,0.001414,2327.849000,-0.003678,2461.202000,-0.004644,1965.878000,-0.002899,1437.702000,-0.000691,1246.124000,0.000001,969.046700,0.000005,794.838600,-0.005670,552.5
2015-01-30,0.114344,2918.678000,0.075035,3364.142000,0.042437,2426.636000,0.036325,2550.605000,0.025385,2015.782000,0.005300,1445.322000,0.001475,1247.962000,0.000119,969.162000,0.000013,794.848900,-0.004706,549.9
2015-02-27,-0.068324,2719.263000,-0.053983,3182.535000,-0.025087,2365.759000,-0.021312,2496.247000,-0.014879,1985.789000,-0.002444,1441.789000,-0.000415,1247.445000,-0.000005,969.157100,-0.000021,794.832200,0.004343,552.3
2015-03-31,0.013546,2756.098000,0.013056,3224.086000,0.008165,2385.075000,0.008936,2518.553000,0.008815,2003.294000,0.002385,1445.228000,0.000509,1248.080000,-0.000023,969.134800,-0.000008,794.825900,0.005952,555.6
2015-04-30,-0.039438,2647.403000,-0.025514,3141.827000,-0.007956,2366.100000,-0.003749,2509.111000,-0.001265,2000.760000,0.000965,1446.623000,0.000592,1248.818000,0.000080,969.212300,0.000029,794.849000,0.002033,556.7
2015-05-29,-0.030017,2567.936000,-0.020597,3077.115000,-0.003817,2357.068000,-0.003667,2499.910000,-0.000934,1998.891000,0.000521,1447.376000,0.000272,1249.158000,0.000038,969.249200,-0.000005,794.845100,0.005097,559.5
2015-06-30,-0.044036,2454.854000,-0.027738,2991.762000,-0.018369,2313.771000,-0.011348,2471.541000,-0.005355,1988.187000,0.000394,1447.947000,-0.000054,1249.091000,0.000029,969.277300,0.000004,794.848200,0.003503,561.5
2015-07-31,0.046044,2567.885000,0.039302,3109.344000,0.015146,2348.816000,0.013578,2505.100000,0.007164,2002.431000,0.000750,1449.033000,0.000121,1249.242000,0.000006,969.283100,-0.000037,794.818400,0.000067,561.5
2015-08-31,-0.010114,2541.914000,-0.007340,3086.521000,-0.001192,2346.016000,-0.000304,2504.338000,0.000371,2003.174000,-0.000930,1447.685000,0.000064,1249.322000,0.000136,969.414900,0.000027,794.839900,-0.001416,560.7
2015-09-30,0.024379,2603.883000,0.024734,3162.863000,0.017817,2387.815000,0.015837,2544.000000,0.012089,2027.390000,0.003996,1453.470000,0.001163,1250.775000,0.000022,969.436300,-0.000006,794.835100,-0.001557,559.9
2015-10-30,-0.011085,2575.019000,-0.007161,3140.214000,-0.007517,2369.866000,-0.008030,2523.571000,-0.005626,2015.984000,-0.001092,1451.883000,-0.000404,1250.269000,-0.000129,969.311200,-0.000027,794.813700,-0.000450,559.6
2015-11-30,-0.009328,2550.999000,-0.005630,3122.535000,-0.003500,2361.571000,-0.004412,2512.437000,-0.004427,2007.059000,-0.002638,1448.053000,-0.001749,1248.083000,0.000089,969.397500,0.000020,794.829600,-0.002111,558.4
2015-12-31,-0.006000,2535.693000,-0.004583,3108.224000,-0.003769,2352.670000,-0.004007,2502.370000,-0.002052,2002.941000,-0.000921,1446.719000,0.000003,1248.086000,0.000249,969.638800,0.000103,794.911700,-0.003417,556.5
2016-01-29,0.057283,2680.945000,0.049933,3263.427000,0.029750,2422.662000,0.030265,2578.104000,0.022615,2048.237000,0.006105,1455.551000,0.002525,1251.238000,-0.000057,969.583600,0.000037,794.941100,0.001653,557.4
2016-02-29,0.029668,2760.484000,0.028198,3355.449000,0.016709,2463.143000,0.010797,2605.940000,0.006527,2061.606000,0.001411,1457.605000,0.000392,1251.728000,0.000341,969.914200,0.000205,795.104100,0.000823,557.9
2016-03-31,0.002899,2768.486000,0.001023,3358.882000,-0.001442,2459.591000,0.000848,2608.150000,0.003650,2069.131000,0.001865,1460.323000,0.001369,1253.442000,0.000474,970.373900,0.000190,795.254800,0.004306,560.3
2016-04-29,-0.011362,2737.031000,-0.008669,3329.764000,-0.004458,2448.626000,-0.003913,2597.944000,-0.003028,2062.865000,-0.000426,1459.701000,0.000666,1254.277000,0.000254,970.620400,0.000051,795.295300,0.004741,563.0
2016-05-31,0.007188,2756.704000,0.007519,3354.800000,0.001216,2451.603000,-0.001491,2594.071000,-0.001997,2058.746000,-0.001043,1458.179000,-0.000395,1253.781000,0.000155,970.770900,0.000115,795.386800,0.004046,565.2
2016-06-30,0.081476,2981.310000,0.059325,3553.824000,0.033345,2533.352000,0.027573,2665.597000,0.020241,2100.417000,0.006537,1467.711000,0.002989,1257.529000,0.000437,971.195100,0.000188,795.536000,0.003284,567.1
2016-07-29,0.023539,3051.487000,0.010644,3591.651000,0.003269,2541.634000,0.000892,2667.975000,-0.000004,2100.409000,-0.000304,1467.265000,-0.000439,1256.977000,0.000261,971.448600,0.000171,795.672000,-0.001618,566.2
2016-08-31,-0.007586,3028.338000,-0.016033,3534.066000,-0.007940,2521.453000,-0.010214,2640.724000,-0.007998,2083.609000,-0.002592,1463.462000,-0.000113,1256.835000,0.000269,971.709900,0.000165,795.803300,0.000918,566.7
2016-09-30,-0.016210,2979.249000,-0.011125,3494.749000,-0.001325,2518.112000,0.004209,2651.839000,0.003735,2091.392000,0.001262,1465.309000,0.000587,1257.572000,0.000562,972.256000,0.000219,795.977600,0.002404,568.1
2016-10-31,-0.052765,2822.049000,-0.033188,3378.766000,-0.015542,2478.976000,-0.010957,2622.783000,-0.006222,2078.379000,-0.000428,1464.681000,0.000553,1258.268000,0.000282,972.530200,0.000168,796.111300,0.001247,568.8
2016-11-30,-0.092558,2560.846000,-0.064666,3160.274000,-0.040878,2377.640000,-0.035318,2530.151000,-0.023927,2028.650000,-0.003813,1459.097000,-0.001020,1256.985000,0.000123,972.649800,0.000136,796.219600,-0.001555,567.9
2016-12-30,-0.003585,2551.665000,-0.002863,3151.226000,-0.003537,2369.230000,-0.000909,2527.851000,0.000090,2028.832000,-0.000514,1458.347000,0.000545,1257.670000,0.000437,973.074900,0.000239,796.409900,0.000327,568.1
2017-01-31,0.003438,2560.438000,0.001949,3157.368000,0.002167,2374.365000,0.002368,2533.837000,0.002885,2034.686000,0.000848,1459.583000,0.001536,1259.601000,0.000476,973.538000,0.000358,796.695000,0.005828,571.4
2017-02-28,0.014700,2598.076000,0.012049,3195.411000,0.007423,2391.989000,0.003661,2543.114000,0.000809,2036.332000,0.000628,1460.500000,0.000055,1259.671000,0.000352,973.880700,0.000364,796.985000,0.003146,573.2
2017-03-31,-0.000788,2596.029000,0.000421,3196.757000,0.002424,2397.788000,0.003138,2551.094000,0.003220,2042.889000,0.001442,1462.606000,0.000026,1259.703000,0.000384,974.254700,0.000353,797.266000,0.000813,573.6
2017-04-28,0.013940,2632.217000,0.013358,3239.459000,0.011063,2424.314000,0.009559,2575.480000,0.007231,2057.661000,0.001317,1464.532000,0.000494,1260.326000,0.000617,974.855800,0.000537,797.694200,0.002966,575.4
2017-05-31,0.019849,2684.464000,0.014953,3287.898000,0.007856,2443.360000,0.007299,2594.278000,0.004701,2067.334000,0.001096,1466.137000,0.000730,1261.246000,0.000588,975.429000,0.000614,798.184000,0.000855,575.8
2017-06-30,0.011944,2716.527000,0.000066,3288.115000,-0.001307,2440.166000,-0.005711,2579.462000,-0.003845,2059.385000,-0.000752,1465.035000,0.000320,1261.649000,0.000873,976.280500,0.000617,798.676400,0.000907,576.4
2017-07-31,-0.014681,2676.646000,-0.004422,3273.575000,-0.000007,2440.149000,0.004046,2589.899000,0.004778,2069.225000,0.001994,1467.956000,0.001660,1263.744000,0.000917,977.175800,0.000722,799.253100,-0.000690,576.0
2017-08-31,0.038103,2778.634000,0.029059,3368.702000,0.017123,2481.932000,0.012751,2622.923000,0.007760,2085.282000,0.001622,1470.337000,0.001338,1265.435000,0.000978,978.131500,0.000827,799.914400,0.002994,577.7
2017-09-29,-0.024410,2710.808000,-0.020094,3301.012000,-0.017151,2439.364000,-0.012461,2590.238000,-0.008855,2066.817000,-0.001865,1467.595000,-0.000121,1265.281000,0.000802,978.916000,0.000944,800.669500,0.005295,580.8
2017-10-31,-0.001464,2706.839000,-0.000815,3298.321000,-0.001133,2436.600000,-0.001771,2585.651000,-0.001956,2062.774000,-0.000788,1466.438000,0.000230,1265.572000,0.000939,979.835200,0.000840,801.342100,-0.000632,580.4
2017-11-30,0.012175,2739.795000,0.004881,3314.420000,-0.002607,2430.248000,-0.002575,2578.993000,-0.003261,2056.047000,-0.001773,1463.838000,-0.000667,1264.728000,0.000951,980.767000,0.000826,802.003700,0.000024,580.4
2017-12-29,0.020232,2795.227000,0.011229,3351.638000,0.002222,2435.648000,0.000290,2579.741000,-0.000897,2054.203000,-0.000203,1463.541000,0.000146,1264.913000,0.000942,981.690900,0.000884,802.712700,-0.000588,580.1
2018-01-31,-0.036049,2694.461000,-0.030502,3249.406000,-0.023598,2378.172000,-0.018556,2531.871000,-0.012369,2028.794000,-0.003274,1458.750000,0.000496,1265.540000,0.001346,983.012200,0.001121,803.612500,0.005448,583.2
2018-02-28,-0.035290,2599.374000,-0.022646,3175.820000,-0.013002,2347.251000,-0.007220,2513.591000,-0.003601,2021.489000,-0.000346,1458.245000,0.000361,1265.997000,0.000969,983.964700,0.001073,804.474800,0.004535,585.9
2018-03-29,0.032371,2683.518000,0.024809,3254.609000,0.012783,2377.256000,0.009382,2537.174000,0.006214,2034.050000,0.001743,1460.787000,0.001566,1267.980000,0.001145,985.091400,0.000261,804.684900,0.002261,587.2
2018-04-30,-0.026111,2613.449000,-0.020705,3187.222000,-0.015476,2340.465000,-0.012063,2506.568000,-0.008743,2016.267000,-0.001777,1458.191000,0.000733,1268.909000,0.001479,986.548300,0.001433,805.838000,0.003975,589.5
2018-05-31,0.022025,2671.010000,0.015030,3235.126000,0.009592,2362.915000,0.009291,2529.856000,0.007578,2031.546000,0.003656,1463.522000,0.002171,1271.664000,0.001491,988.019300,0.001401,806.967200,0.004159,592.0
2018-06-29,0.009223,2695.645000,0.004947,3251.131000,0.002260,2368.255000,0.001257,2533.036000,0.000589,2032.742000,-0.000021,1463.491000,0.001498,1273.569000,0.001522,989.523000,0.001408,808.103400,0.001594,592.9
2018-07-31,-0.015182,2654.720000,-0.012114,3211.746000,-0.005108,2356.158000,-0.003878,2523.213000,-0.002330,2028.006000,-0.000186,1463.219000,0.001438,1275.400000,0.001691,991.196300,0.001558,809.362500,0.000067,593.0
2018-08-31,0.015453,2695.743000,0.014525,3258.397000,0.010064,2379.871000,0.009101,2546.177000,0.007665,2043.551000,0.003675,1468.596000,0.002430,1278.500000,0.001675,992.856600,0.001575,810.637500,0.000556,593.3
2018-09-28,-0.033121,2606.457000,-0.024947,3177.110000,-0.014807,2344.632000,-0.010571,2519.261000,-0.007518,2028.187000,-0.001759,1466.013000,0.000401,1279.012000,0.001524,994.369700,0.001490,811.845300,0.001162,594.0
2018-10-31,-0.032213,2522.495000,-0.019438,3115.353000,-0.004347,2334.440000,0.000149,2519.637000,0.001461,2031.151000,0.001830,1468.696000,0.002158,1281.772000,0.001931,996.289800,0.001890,813.379700,0.001767,595.0
2018-11-30,0.021458,2576.623000,0.021685,3182.910000,0.014917,2369.263000,0.012931,2552.218000,0.009218,2049.874000,0.004099,1474.716000,0.002183,1284.570000,0.001900,998.182800,0.001795,814.839700,-0.003349,593.0
2018-12-31,0.056610,2722.486000,0.047374,3333.697000,0.028561,2436.931000,0.021851,2607.987000,0.017452,2085.648000,0.008316,1486.980000,0.003538,1289.115000,0.001935,1000.114000,0.001930,816.412400,-0.003194,591.1
2019-01-31,0.006251,2739.504000,0.007664,3359.246000,0.007138,2454.326000,0.007007,2626.261000,0.005508,2097.136000,0.002568,1490.798000,0.003047,1293.043000,0.001923,1002.037000,0.001920,817.979600,0.001907,592.3
2019-02-28,-0.012107,2706.337000,-0.010048,3325.492000,-0.004272,2443.841000,-0.004038,2615.656000,-0.002041,2092.856000,0.000610,1491.708000,0.001884,1295.479000,0.001740,1003.781000,0.001809,819.459300,0.004227,594.8
2019-03-29,0.055952,2857.762000,0.046442,3479.935000,0.029419,2515.736000,0.021431,2671.712000,0.016241,2126.846000,0.006961,1502.092000,0.003373,1299.849000,0.001991,1005.780000,0.001935,821.045000,0.005641,598.1
2019-04-30,-0.019750,2801.321000,-0.014164,3430.645000,-0.006214,2500.104000,-0.002898,2663.969000,-0.000107,2126.618000,0.001933,1504.995000,0.002157,1302.653000,0.002044,1007.835000,0.002125,822.789300,0.005295,601.3
2019-05-31,0.076581,3015.849000,0.054629,3618.058000,0.031854,2579.742000,0.026899,2735.627000,0.019902,2168.942000,0.008164,1517.282000,0.003456,1307.155000,0.002196,1010.049000,0.001983,824.420900,0.002129,602.6
2019-06-28,0.010051,3046.161000,0.012249,3662.375000,0.012073,2610.887000,0.010693,2764.880000,0.008867,2188.174000,0.004399,1523.956000,0.003795,1312.115000,0.002163,1012.233000,0.001853,825.948600,0.000199,602.7
2019-07-31,0.003196,3055.897000,0.003457,3675.036000,0.003435,2619.855000,0.000797,2767.083000,-0.001159,2185.638000,-0.000671,1522.934000,0.000662,1312.984000,0.002002,1014.260000,0.001783,827.421400,0.001671,603.7
2019-08-30,0.125914,3440.677000,0.079334,3966.592000,0.040344,2725.551000,0.027963,2844.459000,0.022261,2234.293000,0.008336,1535.629000,0.003716,1317.863000,0.001762,1016.047000,0.001908,829.000100,-0.000051,603.7
2019-09-30,-0.030480,3335.805000,-0.019738,3888.299000,-0.013852,2687.797000,-0.009148,2818.438000,-0.005911,2221.086000,-0.001297,1533.637000,0.000941,1319.103000,0.001968,1018.047000,0.001787,830.481500,0.000783,604.1
2019-10-31,-0.012836,3292.987000,-0.008841,3853.923000,-0.000742,2685.802000,0.002008,2824.097000,0.002643,2226.956000,0.003274,1538.658000,0.003283,1323.434000,0.001961,1020.043000,0.001531,831.752800,0.002286,605.5
2019-11-29,-0.004773,3277.269000,-0.007468,3825.141000,-0.007410,2665.900000,-0.006390,2806.051000,-0.003725,2218.661000,-0.001038,1537.061000,0.000411,1323.978000,0.001130,1021.196000,0.001197,832.748400,-0.000536,605.2
2019-12-31,-0.036467,3157.757000,-0.023150,3736.589000,-0.011292,2635.797000,-0.005142,2791.623000,-0.000824,2216.832000,0.002274,1540.557000,0.001750,1326.295000,0.001498,1022.725000,0.001431,833.940000,-0.000910,604.6
2020-01-31,0.089398,3440.054000,0.064401,3977.230000,0.039182,2739.073000,0.028826,2872.094000,0.019282,2259.577000,0.006337,1550.319000,0.002563,1329.694000,0.001308,1024.063000,0.001164,834.910600,0.003880,607.0
2020-02-28,0.074637,3696.810000,0.052398,4185.628000,0.029902,2820.977000,0.024556,2942.621000,0.018282,2300.887000,0.008698,1563.804000,0.004675,1335.910000,0.001513,1025.612000,0.001208,835.919200,0.002741,608.7
2020-03-31,0.085425,4012.610000,0.065340,4459.117000,0.039709,2932.995000,0.036416,3049.780000,0.027033,2363.087000,0.014069,1585.805000,0.009605,1348.742000,0.003067,1028.758000,0.001268,836.979400,-0.002176,607.3
2020-04-30,0.009765,4051.793000,0.000880,4463.041000,0.005024,2947.730000,0.001309,3053.772000,0.001673,2367.040000,0.001034,1587.445000,0.000056,1348.817000,0.000116,1028.877000,0.000003,836.982200,-0.006687,603.3
2020-05-29,-0.023604,3956.154000,-0.005622,4437.950000,0.000713,2949.832000,0.002889,3062.594000,0.003103,2374.385000,0.000826,1588.756000,-0.000148,1348.618000,0.000029,1028.907000,0.000059,837.031500,0.000020,603.3
2020-06-30,0.000237,3957.092000,0.001144,4443.027000,0.000388,2950.976000,0.001504,3067.200000,0.002134,2379.452000,0.000515,1589.574000,0.000373,1349.121000,0.000155,1029.067000,0.000111,837.124600,0.005472,606.6
2020-07-31,0.056713,4181.510000,0.031622,4583.525000,0.012821,2988.811000,0.007492,3090.180000,0.003856,2388.627000,0.001030,1591.211000,0.000759,1350.145000,0.000330,1029.406000,0.000096,837.204900,0.005058,609.6
2020-08-31,-0.067580,3898.924000,-0.036980,4414.026000,-0.014709,2944.849000,-0.006071,3071.419000,-0.001671,2384.636000,-0.000208,1590.880000,0.000005,1350.151000,0.000069,1029.477000,0.000079,837.271000,0.003153,611.6
2020-09-30,0.005791,3921.503000,0.003965,4431.528000,0.002560,2952.387000,0.002053,3077.725000,0.000236,2385.199000,-0.000174,1590.604000,0.000174,1350.386000,0.000099,1029.579000,0.000076,837.334600,0.001393,612.4
2020-10-30,-0.046765,3738.114000,-0.026512,4314.039000,-0.017310,2901.282000,-0.010450,3045.563000,-0.004806,2373.735000,-0.000383,1589.994000,-0.000086,1350.270000,0.000067,1029.648000,0.000073,837.395800,0.000415,612.7
2020-11-30,0.022610,3822.632000,0.013150,4370.768000,0.004016,2912.933000,0.004213,3058.394000,0.001938,2378.336000,0.000574,1590.907000,0.000520,1350.972000,0.000096,1029.747000,0.000066,837.451000,-0.000611,612.3
2020-12-31,-0.019274,3748.955000,-0.015255,4304.092000,-0.004965,2898.470000,-0.001264,3054.528000,0.000855,2380.369000,0.000738,1592.081000,0.000297,1351.374000,0.000054,1029.803000,0.000060,837.501500,0.000941,612.9
2021-01-29,-0.038203,3605.734000,-0.025772,4193.167000,-0.010713,2867.419000,-0.005692,3037.141000,-0.002329,2374.825000,0.000219,1592.430000,0.000107,1351.518000,0.000110,1029.916000,0.000046,837.540000,0.004254,615.5
2021-02-26,-0.072436,3344.549000,-0.051330,3977.932000,-0.025385,2794.630000,-0.021539,2971.724000,-0.012922,2344.138000,-0.000589,1591.492000,-0.000185,1351.268000,0.000080,1029.998000,0.000045,837.577700,0.005474,618.9
2021-03-31,-0.054127,3163.518000,-0.041254,3813.826000,-0.029342,2712.630000,-0.017719,2919.069000,-0.008277,2324.735000,-0.000110,1591.317000,0.000400,1351.809000,0.000090,1030.091000,0.000027,837.600000,0.007083,623.2
2021-04-30,0.027124,3249.326000,0.020594,3892.368000,0.011851,2744.777000,0.008199,2943.002000,0.005763,2338.133000,0.000416,1591.979000,0.000144,1352.003000,0.000146,1030.241000,0.000014,837.611700,0.008219,628.4
2021-05-28,0.002703,3258.108000,-0.001067,3888.215000,0.003441,2754.222000,0.004066,2954.968000,0.003167,2345.538000,0.000776,1593.214000,0.000263,1352.359000,0.000025,1030.267000,0.000005,837.615900,0.008017,633.4
2021-06-30,0.045272,3405.610000,0.030520,4006.884000,0.014084,2793.012000,0.004969,2969.651000,-0.001558,2341.883000,-0.001829,1590.300000,-0.000281,1351.979000,-0.000045,1030.221000,0.000004,837.619600,0.009291,639.3
2021-07-30,0.044448,3556.982000,0.033877,4142.625000,0.023829,2859.567000,0.017154,3020.593000,0.010194,2365.756000,0.001813,1593.183000,0.000434,1352.566000,0.000029,1030.251000,0.000031,837.645600,0.004811,642.4
2021-08-31,-0.004704,3540.250000,-0.002015,4134.277000,-0.004837,2845.735000,-0.004361,3007.420000,-0.002647,2359.494000,-0.000396,1592.552000,-0.000238,1352.244000,0.000030,1030.282000,0.000049,837.686500,0.002066,643.7
2021-09-30,-0.023236,3457.989000,-0.020754,4048.475000,-0.015425,2801.840000,-0.011383,2973.187000,-0.007415,2341.999000,-0.000647,1591.522000,0.000279,1352.621000,0.000080,1030.364000,0.000033,837.714400,0.002716,645.4
2021-10-29,0.026981,3551.289000,0.000551,4050.705000,-0.004896,2788.122000,-0.008759,2947.144000,-0.008020,2323.216000,-0.003959,1585.221000,-0.000689,1351.689000,-0.000034,1030.329000,0.000037,837.745400,0.008308,650.8
2021-11-30,0.032451,3666.532000,0.018795,4126.838000,0.012455,2822.848000,0.006069,2965.031000,0.002938,2330.041000,-0.000134,1585.009000,-0.000465,1351.060000,0.000073,1030.404000,0.000044,837.782700,0.004913,654.0
2021-12-31,-0.023094,3581.857000,-0.010002,4085.562000,-0.004750,2809.439000,-0.002050,2958.952000,-0.004267,2320.099000,-0.002055,1581.752000,-0.001374,1349.204000,0.000081,1030.488000,0.000067,837.838500,0.003073,656.0
2022-01-31,-0.044108,3423.868000,-0.036572,3936.144000,-0.022542,2746.109000,-0.018945,2902.895000,-0.014110,2287.363000,-0.007246,1570.290000,-0.003100,1345.022000,-0.000035,1030.452000,0.000044,837.875400,0.008415,661.5
2022-02-28,-0.013819,3376.554000,-0.012968,3885.101000,-0.003021,2737.813000,-0.002425,2895.855000,-0.004369,2277.369000,-0.004643,1562.999000,-0.001745,1342.674000,0.000120,1030.575000,0.000028,837.898800,0.009134,667.6
2022-03-31,-0.058019,3180.650000,-0.052835,3679.831000,-0.043484,2618.762000,-0.038217,2785.185000,-0.033730,2200.553000,-0.015126,1539.357000,-0.004630,1336.458000,0.000284,1030.868000,0.000060,837.949300,0.013351,676.5
2022-04-29,-0.107346,2839.220000,-0.083956,3370.887000,-0.049388,2489.427000,-0.033997,2690.497000,-0.022044,2152.044000,-0.004147,1532.974000,-0.002202,1333.515000,0.000164,1031.037000,0.000037,837.980300,0.005583,680.3
2022-05-31,-0.011893,2805.453000,-0.007861,3344.389000,0.010020,2514.371000,0.010426,2718.548000,0.009097,2171.622000,0.006489,1542.921000,0.002877,1337.352000,0.000726,1031.785000,0.000307,838.237400,0.011024,687.8
2022-06-30,-0.024067,2737.934000,-0.023199,3266.802000,-0.012064,2484.037000,-0.010050,2691.226000,-0.008299,2153.599000,-0.005624,1534.244000,-0.005050,1330.598000,0.000193,1031.985000,0.000567,838.712700,0.013736,697.2
2022-07-29,0.037322,2840.119000,0.030677,3367.018000,0.033719,2567.797000,0.027981,2766.530000,0.020993,2198.810000,0.004318,1540.869000,0.001757,1332.936000,0.000551,1032.553000,0.000812,839.393700,-0.000118,697.1
2022-08-31,-0.053490,2688.201000,-0.046849,3209.277000,-0.043289,2456.639000,-0.037216,2663.570000,-0.029354,2134.266000,-0.008112,1528.369000,-0.002666,1329.382000,0.001806,1034.418000,0.001901,840.989700,-0.000354,696.9
2022-09-30,-0.085155,2459.287000,-0.067945,2991.222000,-0.050056,2333.670000,-0.039030,2559.611000,-0.031852,2066.285000,-0.012865,1508.707000,-0.004026,1324.030000,0.001684,1036.160000,0.001929,842.611900,0.002151,698.4
2022-10-31,-0.065624,2297.899000,-0.041092,2868.307000,-0.014968,2298.739000,-0.006629,2542.644000,-0.003692,2058.657000,0.000223,1509.043000,0.001372,1325.847000,0.001859,1038.086000,0.002327,844.572700,0.004056,701.2
2022-11-30,0.077931,2476.977000,0.071208,3072.553000,0.040789,2392.503000,0.035594,2633.146000,0.026004,2112.190000,0.008070,1521.221000,0.002016,1328.520000,0.003114,1041.319000,0.002856,846.984800,-0.001010,700.5
2022-12-30,-0.035953,2387.922000,-0.025772,2993.368000,-0.018566,2348.083000,-0.015065,2593.478000,-0.008377,2094.496000,0.000845,1522.507000,0.004019,1333.859000,0.003280,1044.734000,0.003379,849.846700,-0.003070,698.3
2023-01-31,0.063159,2538.741000,0.061433,3177.259000,0.033276,2426.218000,0.027422,2664.596000,0.022727,2142.098000,0.007819,1534.411000,0.003865,1339.014000,0.003462,1048.351000,0.003506,852.825900,0.007995,703.9
2023-02-28,-0.045279,2423.789000,-0.047186,3027.337000,-0.031097,2350.770000,-0.028317,2589.143000,-0.023878,2090.949000,-0.008801,1520.907000,-0.000316,1338.591000,0.003442,1051.960000,0.003450,855.768200,0.005582,707.9
2023-03-31,0.052109,2550.090000,0.047420,3170.893000,0.041575,2448.503000,0.035859,2681.987000,0.031704,2157.240000,0.018518,1549.071000,0.009140,1350.826000,0.004120,1056.294000,0.003638,858.881600,0.003311,710.2
2023-04-28,-0.001650,2545.883000,0.004005,3183.593000,0.006259,2463.828000,0.007668,2702.553000,0.007311,2173.012000,0.002405,1552.796000,0.001601,1352.988000,0.003376,1059.860000,0.003640,862.007900,0.005059,713.8
2023-05-31,-0.030742,2467.617000,-0.027034,3097.527000,-0.015590,2425.417000,-0.014879,2662.341000,-0.011014,2149.078000,-0.004865,1545.242000,0.000239,1353.312000,0.004200,1064.311000,0.003662,865.164800,0.002518,715.6
2023-06-30,0.003161,2475.417000,-0.004261,3084.329000,-0.012990,2393.911000,-0.015244,2621.757000,-0.014184,2118.596000,-0.006847,1534.662000,0.001564,1355.428000,0.004310,1068.898000,0.004078,868.692900,0.003229,717.9
2023-07-31,-0.022634,2419.389000,-0.015734,3035.800000,-0.006760,2377.728000,-0.002953,2614.015000,0.001540,2121.858000,0.002851,1539.037000,0.004580,1361.636000,0.004266,1073.458000,0.004391,872.507400,0.001908,719.3
2023-08-31,-0.031544,2343.071000,-0.024246,2962.194000,-0.009085,2356.127000,-0.005669,2599.196000,-0.000891,2119.968000,0.003920,1545.070000,0.004298,1367.489000,0.003365,1077.070000,0.004537,876.466000,0.004367,722.4
2023-09-29,-0.074920,2167.528000,-0.058789,2788.050000,-0.033463,2277.284000,-0.021232,2544.010000,-0.013444,2091.467000,-0.000046,1544.999000,0.003074,1371.692000,0.004288,1081.689000,0.004267,880.205900,0.002485,724.2
2023-10-31,-0.057172,2043.607000,-0.042909,2668.417000,-0.024254,2222.050000,-0.017670,2499.057000,-0.008158,2074.405000,0.002601,1549.018000,0.004438,1377.780000,0.004777,1086.856000,0.004715,884.356400,-0.000383,723.9
2023-11-30,0.103249,2254.607000,0.083173,2890.357000,0.052006,2337.610000,0.043116,2606.806000,0.030299,2137.257000,0.011704,1567.147000,0.006677,1386.979000,0.004597,1091.852000,0.004424,888.268500,-0.002015,722.5
2023-12-29,0.083042,2441.834000,0.068328,3087.850000,0.039682,2430.371000,0.030243,2685.644000,0.024969,2190.622000,0.011057,1584.475000,0.007973,1398.038000,0.004221,1096.461000,0.004266,892.057900,-0.000993,721.8
